{
    "batch_size": 12,
    "lr_G": 0.00042018105076035544,
    "lr_D": 1.0199146439571114e-05,
    "beta1": 0.7061657189370085,
    "beta2": 0.9145606534752495,
    "lambda_cycle": 5.4552840476597195,
    "lambda_identity": 0.625310050848262
}